firstname,lastname,age
Alyssa,Raul,23
Peri,Hoenack,1
Frank,Tound,27
Britni,Roarke,16
Marylou,Zola,30
Nikki,Evvie,28
Dorothy,Couture,18
Aimil,Tice,28
Ericka,Roscoe,7
Lucy,Loeb,8
Sabina,Dituri,2
Madeleine,Mendez,19
Marcy,Gabrielli,30
Alyssa,Alrich,28
Ayn,Rustice,3
Gerianna,Capello,22
Pollyanna,Trey,21
Cathie,Jobi,11
Barbi,Rese,2
Demetris,Ries,5
Iseabal,Ramona,23
Georgina,Publia,1
Annice,Cullin,5
Blinni,Sperling,22
Leia,Taam,8
Candi,Uund,10
Brietta,Nelsen,10
Alameda,Iaverne,10
Alie,Leifeste,15
Tori,Georgy,22
Marjie,Atonsah,13
Daryl,Gaspard,13
Sarette,Jacobah,6
Nariko,Clie,30
Corly,Septima,22
Elbertina,Schroth,8
Shel,Kenney,15
Ivett,Chrystel,17
Romona,Hull,2
Eve,Kirstin,14
Briney,Aldric,10
Fidelia,Valerio,25
Roseline,Bollay,27
Aryn,Allina,25
Kellen,Malina,9
Celestyna,Nelsen,11
Penelopa,Taam,6
Lila,Raseda,28
Shandie,Bultman,23
Amii,Christal,18
Lusa,O'Rourke,18
Micheline,Lay,8
Susette,Medrek,16
Sissy,Jillane,14
Dulce,Yorick,15
Dorene,Zitvaa,11
Lelah,Gualtiero,10
Johna,Goldina,13
Juliane,Alcott,30
Andree,Kendrick,26
Andree,Eiser,18
Leona,Boehike,7
Tilly,Strephon,5
Margarette,Scammon,30
Oona,Franza,25
Camile,Maples,7
Melodie,Anselmi,11
Mamie,Ivens,4
Jordan,Modie,22
Lynnea,Tomasina,17
Noelle,Denis,8
Eugine,Norvol,17
Sam,Hamil,2
Angela,Baptlsta,19
Ezmeralda,Concha,23
Bill,Fredi,5
Adriana,Croix,22
Bernie,Damarra,30
Dulcinea,Woodberry,15
Gui,Kauppi,20
Alameda,Leary,14
Roxane,Anestassia,1
Katharina,Noelyn,5
Annice,Gaulin,2
Kassey,Gilmour,8
Arlina,Roumell,19
Ariela,Joeann,5
Mallory,Cloris,26
Vinita,Leonard,8
Gloria,Zrike,16
Cherilyn,Melleta,17
Marti,Berriman,13
Ekaterina,Olympium,4
Beatriz,Helve,9
Kristan,Faria,4
Blake,Eckblad,30
Hope,Oster,3
Tera,Joni,29
Annabela,Connelly,10
Adelle,Magdalen,24
Leeanne,Gerge,24
Charissa,Atonsah,4
Elka,Iiette,9
Nelle,Audly,11
Siana,Allys,26
Merci,Ramona,14
Marti,Ariella,6
Cherrita,Bates,8
Gisela,Amand,16
Carlie,Ilka,27
Jere,Cecile,10
Fayre,Georgy,20
Juliane,Clie,3
Janeczka,Afton,28
Roslyn,Crudden,20
Wynne,Quinn,4
Mureil,Nicoline,10
Rebeca,Casimir,2
Dacia,Birdella,17
Amalie,Tjon,12
Wilma,Jaylene,29
Donnie,Fink,1
Pearline,Monaco,4
Margette,Garek,28
Gilda,Jacqui,18
Goldie,Jethro,25
Jorry,Yorick,21
Brianna,Vernier,7
Selia,Kimmie,19
Lita,Helfand,14
Zsa Zsa,Stilwell,6
Elyssa,Brittani,5
Lelah,Eachern,4
Harrietta,Lynn,24
Melodie,Raama,19
Angelique,Diogenes,24
Elmira,Thornburg,10
Wanda,Redmond,2
Jaclyn,Anestassia,29
Shirlee,Sancho,22
Kassey,Keily,14
Dode,Wittie,4
Fernande,Ietta,13
Morganica,Dituri,19
Vevay,Poll,11
Tabbatha,Cadmar,8
Vere,Helfand,1
Linzy,Toor,14
Jaime,Randene,27
Corry,Anderea,13
Roxane,Presber,13
Mary,Mozelle,14
Marnia,Rillings,17
Heida,Tatianas,11
Elyssa,Pitt,19
Elyssa,Dielu,27
Kimberley,Hieronymus,18
Minda,Jacobah,16
Raf,Cavan,29
Anallese,Pauly,22
Beth,Yorick,27
Lauryn,Boehike,29
Carol-Jean,Tyson,23
Brana,Sparhawk,19
Sheree,Cullin,22
Yvonne,Kendrick,6
Halette,Leopold,15
Dagmar,Curren,18
Merci,Teddman,12
Mariann,Mendez,23
Juliane,Gherardo,19
Amii,Hathaway,12
Sindee,Suk,27
Hildegaard,Gibbeon,7
Barbi,Strephon,15
Violet,Ahab,25
Gavrielle,Hubert,17
Drucie,Peti,10
Roz,Juan,13
Atlanta,Meter,6
Sandie,Bettine,2
Fred,Dimitris,1
Kate,Dichy,18
Raf,Jess,13
Mahalia,Manolo,29
Mamie,Ricki,13
Elsie,Odell,8
Gaylene,Rocray,10
Romona,Bord,18
Kirbee,Evvie,26
Hallie,Marden,11
Trudie,Kamaria,21
Pierette,Sigfrid,15
Kittie,Gilmour,3
Myriam,Kenney,14
Jaclyn,Thomasina,16
Dagmar,Stilwell,24
Christal,Reinke,8
Caryl,Shirberg,20
Kimberley,Zitvaa,12
Lizzie,Jotham,30
Mahalia,McAdams,14
Katleen,Wilona,28
Viki,Edmund,19
Kate,Ariella,15
Augustine,Aaberg,20
Dania,Telfer,7
Marinna,Weide,4
Deane,Rolf,5
Chere,Dash,10
Gusty,Mike,17
Sabina,Kimmie,25
Margarette,Martguerita,18
Kassey,Cressida,7
Alyda,Alfons,25
Dagmar,Parsaye,16
Melina,Mauer,21
Annaliese,Autrey,7
Sybille,Clarissa,27
Georgetta,Juan,16
Marleah,Anyah,25
Elena,Tatianas,21
Miquela,Infield,13
Dulcinea,Wind,4
Viviene,Billye,1
Loree,Durware,27
Kristina,MacIntosh,5
Trixi,Sinegold,18
Joy,Bartlett,23
Kial,Lubin,6
Molli,Dudley,8
Sharlene,Kathie,6
Deane,Middleton,1
Brena,Henrie,30
Robbi,Tound,2
Rozele,Bach,16
Sonni,Tillford,13
Veda,Greyson,8
Laure,Mandler,14
Shirlee,Payson,8
Frances,Couture,19
Dorothy,Sherfield,22
Feliza,Maisey,20
Corina,Brittani,1
Neila,Maxi,21
Lorie,Nore,13
Kaja,Stelle,17
Blondelle,Thar,6
Rochette,Sidonius,9
Leontine,Kesley,12
Phylis,Grosz,29
Chickie,Chabot,28
Sandie,Mich,24
Melodie,Kevon,20
Selia,Carolin,17
Kayla,Bonucci,14
Benita,Rugen,22
Mureil,Madaih,18
Marline,Edee,1
Drucie,Christine,25
Mariele,Evvie,19
Meriel,Korey,8
Meghann,Idelia,6
Mara,Germann,20
Leontine,Tound,9
Krystle,LaRue,3
Thalia,Joni,5
Lusa,Read,16
Judy,Torray,17
Evita,Pearse,1
Evaleen,Doig,20
Johna,Goode,2
Cyb,Vastah,18
Dominga,Fax,19
Robbi,Vittoria,13
Rosabelle,Cottle,30
Delilah,Carolin,11
Modestia,Urias,16
Lacie,Ranjiv,20
Giustina,Michella,6
Bibby,Liebermann,8
Corina,Jess,26
Florie,Damarra,22
Lorenza,Johnsson,11
Corina,Neva,12
Alisha,Aurelio,10
Hildegaard,Warthman,6
Joelly,Blase,4
Raina,Sophronia,24
Natka,Wesle,4
Emilia,Colyer,24
Louella,Johnsson,13
Dari,Mintz,6
Nickie,Idelia,23
Bertine,Melleta,30
Caressa,Madaih,12
Penelopa,Merat,18
Beth,Felizio,10
Agathe,Haymes,23
Berget,Zeeba,4
Lizzie,Thilda,10
Gabi,Margret,30
Antonietta,Pulsifer,4
Riannon,Chrystel,17
Chloris,Zachary,1
Nananne,Wenda,4
Judy,Izaak,8
Lanae,Sinegold,28
Bill,Zachary,21
Ayn,Loeb,10
Chickie,Dorothy,17
Tressa,Clarissa,11
Nannie,Billye,20
Brianna,Sikorski,18
Tierney,Breed,25
Evita,Rhu,23
Leanna,Dermott,13
Gratia,Anis,12
Clary,Thar,11
Carolina,Millda,18
Ann-Marie,Mintz,15
Marika,Berne,27
Georgina,Francene,17
Gertrud,Tiffa,17
Blake,Michella,10
Juliane,Artie,24
Amalie,Tound,6
Fernande,Elephus,2
Laure,Nicoline,17
Babita,Brian,21
Demetris,Sparhawk,14
Tera,Weaks,30
Basia,Jagir,20
Nessie,Trace,10
Ann-Marie,Bryna,2
Rosaline,Maribeth,21
Dacia,Tillford,23
Madalyn,Harl,8
Brana,Dowski,7
Silvana,Jaylene,28
Shauna,Jalbert,16
Melodie,Suk,5
Madalyn,Kelula,10
Shell,Norrie,18
Courtnay,Meter,15
Sissy,Argus,9
Sadie,Millda,6
Rosanne,Konyn,27
Myriam,Morgun,11
Aimil,Raseda,21
Jany,Cressida,26
Roseline,Jalbert,11
Inga,Rhu,16
Sheree,Uird,26
Tina,Sacken,16
Zaria,Bryna,9
Fernande,Berard,3
Leona,Lay,4
Iseabal,Glenden,8
Gisela,Billye,18
Verla,Bach,23
Yetty,Vittoria,29
Gui,Plato,1
Tina,Zuzana,14
Vivia,Leopold,25
Karina,Rooney,22
Christy,Marsden,9
Ethel,Freddi,24
Patricia,Randene,21
Thalia,Raffo,19
Antonietta,Podvin,8
Consuela,Anderea,6
Odessa,Paton,10
Joelly,Adore,22
Selia,Holbrook,23
Hallie,Ortrude,28
Aryn,Gregrory,4
Leontine,Screens,30
Elie,Pozzy,5
Gretal,Viddah,16
Gretal,Arne,7
Barbi,Alexandr,17
Adele,Orpah,25
Annecorinne,Sidonius,8
Millie,Ardra,19
Dorene,Shama,22
Misha,Larochelle,6
Maye,Raychel,15
Dianemarie,Malina,2
Maurene,Roxanna,28
Marita,Kaja,8
Ivett,Artie,1
Ricky,Woodberry,23
Emma,Papageno,27
Henriette,Bivins,18
Zondra,Felecia,4
Marylou,Mathilde,6
Janis,Kalinda,20
Theodora,Dawkins,25
Kore,Toor,29
Olivette,Fry,30
Yolane,Othilia,12
Amara,Girardo,6
Ezmeralda,Malina,19
Patricia,Cloris,8
Nickie,Emmaline,27
Evaleen,Tamsky,16
Basia,Philipp,18
Cristabel,Meter,23
Margette,Erlandson,19
Britte,Zola,8
Latisha,Schonfeld,22
Basia,Ioab,21
Ricky,Camden,5
Nelle,Wildermuth,7
Ira,Kendrick,23
Sue,Faust,1
Dari,Morehouse,15
Claresta,Zaslow,2
Florencia,Schwejda,25
Lorie,Shaddock,25
Fayre,Vale,30
Janis,Sidonius,29
Justinn,Armanda,11
Louella,Rad,30
Malina,Girardo,13
Lindie,Goerke,15
Riannon,Linskey,16
Marcelline,Bettine,12
Winny,Lynn,17
Rayna,Holtz,9
Arlena,Thornburg,27
Gusty,Truc,14
Dale,Raychel,6
Vevay,McCutcheon,22
Grier,Kaete,25
Gilda,Clara,19
Aili,Kendrick,29
Kathy,Amasa,20
Kittie,Rudolph,24
Concettina,Eben,27
Mireielle,Mehalek,12
Gilda,Barbey,30
Kathy,Teddman,29
Candi,Elbertina,20
Ivett,Sancho,2
Fanny,Leonard,19
Glynnis,Sigfrid,14
Janeczka,Lesley,17
Viviene,Seagraves,1
Emma,Joachim,24
Mathilda,Winthorpe,18
Lita,Gerge,30
Ada,Lea,10
Kittie,Glenden,8
Betta,Pacorro,11
Yvonne,Annice,22
Merrie,Bonilla,23
Correy,Gahl,15
Farrah,Berriman,11
Sophia,Merriott,13
Julieta,Cadmar,1
Debee,Erlandson,23
Mara,Pauly,8
Kial,Juliet,24
Ada,Meter,2
Karena,Modie,13
Shannah,Fiann,30
Stevana,Virgin,8
Caressa,Damarra,19
Bernardine,Hailee,12
Maridel,Kalinda,13
Jemie,Douglass,7
Kayla,Love,13
Charissa,Faso,9
Kate,Ricarda,13
Tani,Keily,24
Nikki,Eugenia,3
Bobbi,Durware,28
Laure,Alva,22
Jorry,Skell,2
Elbertina,Gladstone,16
Gilligan,Thar,28
Gretal,Kermit,18
Mara,Callista,10
Bee,Nunci,19
Elise,Brian,7
Almeta,Winthorpe,13
Belinda,Roscoe,22
Queenie,Ashok,26
Evita,Kellby,19
Edith,Remmer,20
Tonia,Fadiman,6
Lulita,Kazimir,12
Wilma,Faria,8
Sallie,Philipp,24
Giustina,Alwin,26
Bobbi,Medrek,15
Rhoda,Malvino,20
Maud,Drus,20
Marti,Lemuela,18
Sissy,Sophronia,28
Lita,Peonir,14
Deane,Warthman,8
Anallese,Gert,4
Doro,Pond,21
Christian,Boycey,1
Norine,Lynn,22
Isa,Riva,17
Courtnay,Rodmann,21
Marnia,Voletta,13
Basia,Jorgan,3
Nikki,Carvey,22
Tarra,Erich,21
Christal,Pandolfi,29
Jaclyn,Bennie,16
Edyth,Fennessy,1
Ruthe,Brian,2
Malina,Ailyn,21
Gui,Irmine,20
Ninnetta,Garek,9
Taffy,Jalbert,7
Kristina,Weinreb,1
Halette,Angelis,14
Mariele,Neva,12
Iseabal,Zrike,19
Mariann,Bakerman,16
Valeda,Dreda,23
Rosanne,Hermes,28
Candi,Tomasina,30
Letizia,Israeli,28
Lenna,Anastatius,24
Esmeralda,Jalbert,24
Elise,Carleen,12
Sadie,Carmena,3
Ira,Israeli,4
Paule,McClimans,3
Perry,Vharat,10
Winifred,Faust,3
Abbie,Ulphia,3
Lorne,Lanita,26
Concettina,Ashok,21
Odessa,Abernon,25
Lorenza,Oscar,5
Wynne,Boycey,30
Noelle,Bobbee,19
Aili,Rugen,12
Luci,Erlandson,30
Devina,Lubin,24
Mureil,Shirberg,11
Fidelia,Leifeste,26
Sue,Hanleigh,9
Caryl,Hepsibah,22
Esmeralda,Wiener,30
Katuscha,Roarke,18
Maisey,Johnsson,16
Heddie,Florina,17
Arlena,Carbo,18
Meg,Fillbert,21
Lexine,Darian,22
Lusa,Reinke,27
Dorene,Lowry,22
Caritta,Nerita,4
Dode,Darian,23
Trudie,Waite,2
Nessie,Levey,24
Jany,Charity,22
Kary,Marcellus,29
Shauna,Zina,9
Elena,Nedrud,11
Asia,Kellby,3
Albertina,Maurine,25
Sashenka,Cadmar,19
Rosaline,Kenney,8
Meriel,Nahum,27
Emelina,Ilka,12
Misha,An,6
Chere,Buckler,6
Josephine,Bari,24
Fayre,Jeanne,21
Kelly,Astra,4
Rosaline,Reidar,30
Paulita,Linehan,30
Mariann,Podvin,21
Lusa,Lanita,9
Katharina,Wyn,27
Cindelyn,Rolf,14
Ileana,Santoro,16
Addia,Adamsen,22
Corina,Eno,6
Lita,Chick,22
Ketti,Slifka,2
Leona,Holtz,22
Daune,Delila,4
Orelia,Othilia,15
Dennie,Rona,28
Sandie,Behre,4
Deedee,Zetta,6
Therine,Ammann,2
Raina,Brittani,27
Maye,Loleta,6
Ekaterina,Bronk,9
Annabela,Ball,12
Winny,Durware,9
Alie,Destinee,22
Beverley,Claudine,23
Britni,Ortrude,2
Shandie,Byrne,1
Jorry,Sisile,21
Cathie,Brodench,12
Pearline,Hailee,5
Latisha,Rugen,9
Hermione,Bultman,3
Sue,Sekofski,23
Renie,Salvidor,7
Aryn,Lowry,14
Belinda,Bakerman,15
Adriana,Rocray,29
Renie,Chauncey,30
Roz,Autrey,25
Loree,Tjon,25
Robinia,Sothena,24
Laure,Silvan,1
Alyda,Horan,7
Xylina,Juliet,13
Rosene,Rebecka,17
Fayre,Dudley,28
Bobinette,Michella,7
Sharlene,Monaco,7
Dode,Palocz,27
Joy,Henebry,30
Maye,Jalbert,23
Katharina,Morgun,17
Maurene,Means,21
Rozele,Shields,23
Maridel,Dorothy,14
Petronia,Loring,20
Adele,Joachim,24
Julieta,Honoria,15
Constance,Cosenza,19
Kaia,Matthew,1
Penelopa,Stav,8
Gale,Syd,12
Gwenneth,Hachmin,10
Olivette,Iaverne,3
Rosabelle,Bahr,10
Lanna,Chinua,24
Pearline,Rosette,28
Christy,Durware,16
Hyacinthe,Marsden,2
Cyndie,Charity,19
Sybille,Lia,29
Elvira,Holtz,11
Kristina,Tomasina,14
Carilyn,Anis,29
Imojean,Ricki,15
Ulrike,Rheingold,13
Donetta,Saunderson,8
Hayley,Brady,11
Odessa,Moina,22
Gretal,Emmy,27
Ottilie,Roarke,2
Doro,Reidar,11
Marcelline,Prouty,23
Wanda,Fiester,19
Althea,Federica,3
Claresta,Kelula,17
Cissiee,Bandeen,19
Chere,Chinua,29
Orsola,Klotz,28
Marline,Hermes,24
Corry,Raama,22
Riannon,Fairweather,7
Maurene,Valoniah,16
Nanete,Cohdwell,10
Gwenneth,Lunsford,9
Candi,Corrine,30
Roseline,Tufts,2
Katuscha,Kamaria,15
Stephanie,Millda,9
Doralynne,Chapland,15
Kial,Anestassia,10
Charlena,Mintz,18
Michaelina,Norrie,1
Nollie,Tice,2
Shirlee,Rhu,7
Nelle,Erb,23
Magdalena,Amadas,13
Aryn,Billye,19
Rosaline,Carri,19
Tybie,Rodmann,26
Carilyn,Germann,11
Marnia,Tiffa,24
Consuela,Llovera,12
Carmela,Gavrila,22
Marinna,Maples,27
Dacia,Clie,20
Sheree,Bluh,3
Kathi,Izaak,27
Rosanne,Libna,16
Lizzie,Sothena,26
Moyna,Crudden,2
Courtnay,Stover,18
Amalie,Liebermann,30
Therine,Goerke,21
Natka,Calhoun,14
Ingrid,Stelle,9
Margalo,Lorain,25
Krystle,Naashom,4
Randa,Toor,25
Bernardine,Love,13
Rori,Kazimir,15
Celene,Ries,7
Grier,Candy,20
Maryellen,Posner,9
Alie,Tiffa,13
Dolli,Annabella,21
Augustine,Alabaster,19
Gloria,Irmine,16
Elbertina,Sadowski,3
Adele,Zaslow,3
Heida,Bonilla,4
Lelah,Simmonds,28
Isa,Wyn,17
Coral,Craggie,19
Emmey,Kauppi,25
Tina,Goerke,9
Shandie,Helfand,5
Tobe,Fitzsimmons,26
Meg,Kiersten,25
Adele,Wenoa,4
Minda,Baptlsta,29
Randa,Goldina,20
Rani,Joseph,14
Regina,Diogenes,15
Sabina,Percy,20
Adele,Toor,20
Alameda,Hillel,2
Laurene,Winnick,29
Melodie,Elvyn,4
Shauna,Cherianne,11
Katleen,Ilka,22
Netty,Firmin,13
Vita,Larochelle,11
Jessamyn,Ovid,15
Frances,Chrystel,24
Celene,Rustice,23
Deirdre,Morgun,24
Joeann,Toni,9
Christian,Valerio,16
Carree,Sherfield,3
Sarette,Gert,12
Melanie,Si,8
Elvira,Juliet,23
Deedee,Gerge,8
Ellette,Ferino,1
Brianna,Rugen,15
Bee,McClimans,23
Dacia,Grimbly,22
Darci,Bertold,23
Lynnea,Carbo,26
Melisent,Agle,14
Nanete,Glenden,17
Alyssa,Xerxes,30
Caritta,Rese,13
Demetris,Maiah,25
Elfreda,Sperling,7
Jsandye,Dex,17
Catharine,Chick,5
Ginnie,Munn,22
Ardenia,Cordi,15
Mahalia,Drisko,19
Dione,Orelee,14
Jerry,Lymann,13
Roz,Nikaniki,3
Siana,Caitlin,28
Tierney,Nunci,16
Emelina,Dowski,20
Gusty,Jerald,9
Shaylyn,Fiester,21
Roslyn,Gaynor,15
Mureil,Pacorro,23
Madalyn,Georgy,8
Madeleine,Duwalt,4
Kirstin,Voletta,22
Dominga,Krystle,18
Belinda,Merriott,9
Grier,Papageno,19
Susan,Norrie,27
Mireielle,Ellerey,3
Jolyn,Sinegold,30
Brooks,Jerald,27
Gratia,Tannie,17
Jacquetta,Birdella,8
Joy,Mike,9
Justinn,Harday,16
Kimmy,Ajay,22
Tatiania,Lubin,12
Melina,Vary,21
Dulce,Percy,17
Meriel,Weitman,23
Jordan,Abernon,24
Agathe,Arne,23
Christian,Gower,3
Etta,Alrich,28
Ann-Marie,Lalitta,8
Sallie,Han,26
Elora,Buffum,1
Darlleen,My,7
Fawne,Means,9
Deane,Atcliffe,13
Kayla,Richers,26
Livvyy,Modie,24
Linet,Suzetta,22
Maryellen,Marcellus,4
Arabel,Frodi,21
Andeee,Genna,17
Gloria,Blake,17
Tierney,Carbo,10
Tina,Zola,18
Marika,Koziara,18
Celene,Gibbeon,2
Glynnis,Raychel,14
Brana,Hanshaw,26
Keelia,Arathorn,22
Helsa,Darian,4
Ariela,Nedrud,30
Asia,Dermott,8
Orelia,Jerold,2
Karlee,Sammons,22
Claudina,Adrienne,3
Donetta,Telfer,9
Ilse,Johanna,11
Ulrike,Gahl,8
Dennie,Zitvaa,3
Brietta,Cyrie,30
Cathyleen,Gabrielli,28
Andree,Abram,9
Ana,Hutchison,13
Trudie,Hertzfeld,2
Nananne,Bari,11
Meg,Han,28
Kalina,Fabiola,22
Alejandra,Pascia,10
Vere,Sheedy,15
Jorry,Regan,5
Moyna,Rogerio,29
Diena,Baudin,2
Almeta,Land,30
Madeleine,Pyle,18
Kathi,Lasley,27
Florencia,Mike,26
Ardys,Leifeste,13
Julieta,Jarib,20
Lolita,Leary,25
Katharina,Fadiman,16
Winny,Barbey,1
Lanna,Dulciana,11
Grier,Georgy,14
Latisha,Seagraves,20
Lita,MacIntosh,2
Joy,Adore,9
Claudina,Judye,5
Rori,Zuzana,24
Sam,Lowry,1
Kore,Thornburg,11
Orelia,Talia,3
Linet,Jehu,17
Adele,Andrel,25
Candi,Brodench,10
Brynna,Bethany,3
Mallory,Astra,10
Valli,Brotherson,23
Hope,Delila,14
Roslyn,Daveta,4
Rayna,Melan,24
Malina,Douglass,24
Dawn,Warthman,3
Alexine,Jacobah,11
Annice,Linehan,30
Cathyleen,Tatianas,26
Judy,Artie,13
Beverley,Tacye,8
Bobinette,Albertine,30
Winny,Gaal,1
Fayre,Vilma,27
Nelle,Avi,16
Heddie,Mandler,14
Lyssa,Ortrude,2
Diena,Cyrie,7
Luci,Barney,23
Dagmar,Zachary,8
Gavrielle,Riordan,13
Rochette,Hepsibah,3
Hope,Dulciana,15
Gloria,Tremayne,19
Rosabelle,Longfellow,24
Annaliese,Santoro,20
Flo,Schwejda,17
Emelina,Hamil,15
Tami,Bollay,25
Emilia,Wenoa,6
Felice,Morrill,14
Arabel,Harl,29
Esmeralda,Podvin,18
Jolyn,Cassius,26
Mara,Guthrie,6
Cassondra,Burch,19
Cassondra,Macey,4
Isa,Ursulette,27
Dode,Tengdin,21
Charissa,Ricki,18
Tressa,Jalbert,29
Audrie,Dash,5
Lonnie,Jacobah,8
Jere,Irmine,11
Jsandye,Schlosser,23
Lauryn,Kendrick,2
Judy,Alrich,23
Larine,Durware,21
Clary,Philipp,28
Feliza,Oneida,14
Doralynne,Slifka,24
Petronia,Schroth,9
Zaria,Terencio,10
Bobinette,Jess,16
Cherrita,Toor,6
Bibby,Kirbee,14
Marleah,Grobe,14
Genevra,Ochs,27
Lila,Ashely,1
Marita,Abernon,15
Kore,Meli,20
Lanae,Gunn,27
Siana,Soneson,23
Pearline,Tamsky,4
Layla,Haerr,16
Lila,Wiener,16
Anestassia,Weide,18
Sonni,Terrence,25
Cherilyn,Muriel,2
Amara,Jess,15
Rhoda,Lymann,16
Elie,Martsen,25
Jerry,Percy,19
Ezmeralda,Schwejda,3
Amelia,Shaver,8
Priscilla,Rillings,11
Mahalia,Klemperer,26
Carmela,Alejoa,28
Etta,Kinnard,21
Rebeca,Hortensia,6
Belva,Clie,30
Flo,Adalbert,9
Evita,Hathaway,3
Kerrin,Sadowski,9
Jessamyn,Lail,15
Ada,Vharat,22
Ashlee,Monk,4
Layla,Si,9
Gerianna,Helve,6
Barbi,Richers,16
Kristina,Maryanne,12
Aurore,Brunell,30
Robinia,Philipp,19
Alyda,Isidore,9
Hermione,Gillan,17
Sallie,Margarete,17
Dorene,Ranjiv,16
Elena,Sadowski,2
Rosabelle,Dyche,26
Jsandye,Ivens,15
Lelah,Aaberg,8
Lulita,Stelle,16
Rosanne,Poppy,17
Evita,Nelsen,16
Vivia,Minetta,2
Chrystel,Evangelia,13
Belinda,Gusella,21
Inga,Beniamino,15
Kimmy,Madelene,14
Reeba,Agle,1
Fernande,Zamora,30
Gabriellia,Agle,24
Vinita,Justinn,27
Ricky,Joeann,14
Nikki,Melan,21
Tina,Bury,17
Eugine,Abbot,8
Trudie,Bevin,9
Theodora,Orlene,10
Margarette,Prober,26
Teriann,Lowry,2
Feliza,Ramona,5
Viviene,Natalia,28
Raquela,Truc,20
Nerta,Pattin,16
Bill,Hoban,30
Bettine,Maribeth,12
Nyssa,Timon,10